Titulo,Empresa,Link,Página
Estagiário – Desenvolvedor de Software - BDP Broadcast,Não informado,https://inatel.br/estudante/vagas/estagiario-–-desenvolvedor-de-software---bdp-broadcast,1
Estágio - MG Medical,Não informado,https://inatel.br/estudante/vagas/estagio---mg-medical,1
Trainee LEROY MERLIN - 2026,Não informado,https://inatel.br/estudante/vagas/trainee-leroy-merlin---2026,1
Estágio em Utilidades - ACG,Não informado,https://inatel.br/estudante/vagas/estagio-em-utilidades---acg,1
Estágio em Engenharia Biomédica - ICC Med,Não informado,https://inatel.br/estudante/vagas/estagio-em-engenharia-biomedica---icc-med,1
Engenheiro(a) de Software Trainee - LEVTY,Não informado,https://inatel.br/estudante/vagas/engenheiroa-de-software-trainee---levty,1
Estagiário de Engenharia Industrial - INTELBRAS,Não informado,https://inatel.br/estudante/vagas/estagiario-de-engenharia-industrial---intelbras,1
Estagiário em Automação Industrial e Elétrica - IoTronic,Não informado,https://inatel.br/estudante/vagas/estagiario-em-automacao-industrial-e-eletrica,1
Estágio em  Suporte Técnico,RWTECH,https://inatel.br/estudante/vagas/estagio-em--suporte-tecnico-rwtech,1
Estágio em Transformação Digital,General Mills,https://inatel.br/estudante/vagas/estagio-em-transformacao-digital-general-mills,1
Estágio Manufatura e Processos,TE,https://inatel.br/estudante/vagas/estagio-manufatura-e-processos-te,1
Programa de Estágio,Engie,https://inatel.br/estudante/vagas/programa-de-estagio-engie,1
Estágio em Desenvolvimento de Software,Samsung,https://inatel.br/estudante/vagas/estagio-em-desenvolvimento-de-software-samsung,2
Estágio em Testes e Análise em Redes Móveis-Laboratório,Eldorado,https://inatel.br/estudante/vagas/estagio-em-testes-e-analise-em-redes-moveis-laboratorio-eldorado,2
Estágio de Engenharia-Produto de Qualidade de Energia,Hitachi Energy,https://inatel.br/estudante/vagas/estagio-de-engenharia-produto-de-qualidade-de-energia-hitachi-energy,2
Estágio Engenharia de Manufatura e Processos,TE,https://inatel.br/estudante/vagas/estagio-engenharia-de-manufatura-e-processos-te,2
Estágio em Desenvolvimento de Software,Leucotron,https://inatel.br/estudante/vagas/estagio-em-desenvolvimento-de-software-leucotron,2
Estagiário de Engenharia,Exsto,https://inatel.br/estudante/vagas/estagiario-de-engenharia-exsto,2
Estágio,TCU,https://inatel.br/estudante/vagas/estagio-tcu,2
Projeto Crescer Tech 2026,Volkswagen,https://inatel.br/estudante/vagas/projeto-crescer-tech-2026-volkswagen,2
Estágio2026,Jadlog,https://inatel.br/estudante/vagas/estagio2026-jadlog,2
Programa de Estágio,GM,https://inatel.br/estudante/vagas/programa-de-estagio-gm,2
Estágio em Engenharia,Equipacare,https://inatel.br/estudante/vagas/estagio-em-engenharia-equipacare,2
Estagiário de Software em Processamento de Fala,Sidi,https://inatel.br/estudante/vagas/estagiario-de-software-em-processamento-de-fala-sidi,2
Programa de Estágio 2026,Vivo,https://inatel.br/estudante/vagas/programa-de-estagio-2026-vivo,3
Estágio em PCE-Aviação Executiva,TAM,https://inatel.br/estudante/vagas/estagio-em-pce-aviacao-executiva-tam,3
Estágio Engenharia,Genial Telecon,https://inatel.br/estudante/vagas/estagio-genial-telecon,3
Estágio em Engenharia de Manufatura e Processos,TE,https://inatel.br/estudante/vagas/estagio-em-engenharia-de-manufatura-e-processos-te,3
Estagiário Desenvolvimento Mobile,Stefanini,https://inatel.br/estudante/vagas/estagiario-desenvolvimento-mobile-stefanini,3
Estágio em Gestão de Testes de Produto-Câmera,Eldorado,https://inatel.br/estudante/vagas/estagio-em-gestao-de-testes-de-produto-camera-eldorado,3
Estágio em Engenharia,Veolia,https://inatel.br/estudante/vagas/estagio-em-engenharia-veolia,3
Programa de Estágio,Weg,https://inatel.br/estudante/vagas/programa-de-estagio-weg,3
Estágio em Análise de Dados,Samsung,https://inatel.br/estudante/vagas/estagio-em-analise-de-dados-samsung,3
Estágio Automação de Processos,Movida,https://inatel.br/estudante/vagas/estagio-automacao-de-processos-movida,3
Banco de Talentos|Estágio em SCADA,Automa,https://inatel.br/estudante/vagas/banco-de-talentosestagio-em-scada-automa,3
Vaga de Estágio–Desenvolvimento(Node.js,PHP)/ N3A,https://inatel.br/estudante/vagas/vaga-de-estagio-desenvolvimento-node-js-php-n3a,3
Estágio em Gerenciamento de Projetos,Eldorado,https://inatel.br/estudante/vagas/estagio-em-gerenciamento-de-projetos-eldorado,4
Estágio em Melhoria Contínua-OPEX,Mahle,https://inatel.br/estudante/vagas/estagio-em-melhoria-continua-opex-mahle,4
Estágio de Engenharia Elétrica,Invenzi,https://inatel.br/estudante/vagas/estagio-de-engenharia-eletrica-invenzi,4
Programa de Estágio 2026-Processos e Inovação,Scania,https://inatel.br/estudante/vagas/programa-de-estagio-2026-processos-e-inovacao-scania,4
Estágio em TI,TAM Aviação Executiva,https://inatel.br/estudante/vagas/estagio-em-ti-tam-aviacao-executiva,4
Estágio,Nissan,https://inatel.br/estudante/vagas/estagio-nissan,4
Estagiário(a) DevOps,4intelligence,https://inatel.br/estudante/vagas/estagiarioa-devops-4intelligence,4
Estágio em EHS(Segurança do Trabalho),TE,https://inatel.br/estudante/vagas/estagio-em-ehsseguranca-do-trabalho-te,4
Estagiário de PCP,HTGD,https://inatel.br/estudante/vagas/estagiario-de-pcp-htgd,4
Estágio em Desenvolvimento de Software 3D,SIDI,https://inatel.br/estudante/vagas/estagio-em-desenvolvimento-de-software-3d-sidi,4
Estagiário(a) Multidisciplinar-Melhoria Contínua,Ball,https://inatel.br/estudante/vagas/estagiarioa-multidisciplinar-melhoria-continua-ball,4
Estágio 2026,CPQD,https://inatel.br/estudante/vagas/estagio-2026-cpqd,4
Estágio Desenvolvimento de Software-Embedded,Linear Denki,https://inatel.br/estudante/vagas/estagio-desenvolvimento-de-software-embedded-linear-denki,5
Estágio Desenvolvimento de Software-Baremetal,Linear Denki,https://inatel.br/estudante/vagas/estagio-desenvolvimento-de-software-baremetal-linear-denki,5
Estágio Gestão de Cadastros,IEL,https://inatel.br/estudante/vagas/estagio-gestao-de-cadastros-iel,5
Estágio de Engenharia-Lançamentos,Adient,https://inatel.br/estudante/vagas/estagio-de-engenharia-lancamentos-adient,5
Programa de Estágio,Big Data Corp,https://inatel.br/estudante/vagas/programa-de-estagio-big-data-corp,5
Estágio em Planejamento,TE,https://inatel.br/estudante/vagas/estagio-em-planejamento-te,5
Estagiário engenharia,Espro,https://inatel.br/estudante/vagas/estagiario-engenharia-espro,5
Estagiário de Dados,Pottencial,https://inatel.br/estudante/vagas/estagiario-de-dados-pottencial,5
Estágio para Atendimento,Crea-MG,https://inatel.br/estudante/vagas/estagio-para-atendimento-crea-mg,5
Estágio em Sucesso do Cliente,Melhor Plano,https://inatel.br/estudante/vagas/estagio-em-sucesso-do-cliente-melhor-plano,5
Estágio em EHS,TE,https://inatel.br/estudante/vagas/estagio-em-ehs-te,5
Estágio em Engenharia Clínica,TechneCare,https://inatel.br/estudante/vagas/estagio-em-engenharia-clinica-technecare,5
Estágio 2026.1,Siemens,https://inatel.br/estudante/vagas/estagio-20261-siemens,6
Estágio Melhoria Contínua,Grupo SBF,https://inatel.br/estudante/vagas/estagio-melhoria-continua-grupo-sbf,6
Estágio em Engenharia de Produção,Leucotron,https://inatel.br/estudante/vagas/estagio-em-engenharia-de-producao-leucotron,6
Estágio Engenharia,Midea,https://inatel.br/estudante/vagas/estagio-engenharia-midea,6
Estágio em desenvolvimento Web-Full Stack,Instituto Eldorado,https://inatel.br/estudante/vagas/estagio-em-desenvolvimento-web-full-stack-instituto-eldorado,6
Estágio em Desenvolvimento de Hardware,Nouvenn,https://inatel.br/estudante/vagas/estagio-em-desenvolvimento-de-hardware-nouvenn,6
Estagiário Técnico-Engenheiro Eletrônico,CCK,https://inatel.br/estudante/vagas/estagiario-tecnico-engenheiro-eletronico-cck,6
Estágio em Compras,Leucotron,https://inatel.br/estudante/vagas/estagio-em-compras-leucotron,6
Vaga de Estágio,Nube,https://inatel.br/estudante/vagas/vaga-de-estagio-nube,6
Programa de Estágio,CPQD,https://inatel.br/estudante/vagas/programa-de-estagio-cpqd,6
Estágio em Engenharia,Helibras,https://inatel.br/estudante/vagas/estagio-em-engenharia-helibras,6
Programa de Estágio,Embraer,https://inatel.br/estudante/vagas/programa-de-estagio-embraer,6
Estágio em Testes de Software,SIDI,https://inatel.br/estudante/vagas/estagio-em-testes-de-software-sidi,7
Estagiário Superior Engenharia,Mahle,https://inatel.br/estudante/vagas/estagiario-superior-engenharia-mahle,7
Estágio Engenharia Telecomunicações Elétrica,Remopt,https://inatel.br/estudante/vagas/estagio-engenharia-telecomunicacoes-eletrica-remopt,7
Estágio de Verão,Instituto de Pesquisas ELDORADO,https://inatel.br/estudante/vagas/estagio-de-verao-instituto-de-pesquisas-eldorado,7
Estágio,Unilever,https://inatel.br/estudante/vagas/estagio-unilever,7
Estágio,Unimed,https://inatel.br/estudante/vagas/estagio-unimed,7
Estágio Engenharia de Software,Oi Bill,https://inatel.br/estudante/vagas/estagio-engenharia-de-software-oi-bill,7
Estágio,Trinia,https://inatel.br/estudante/vagas/estagio-trinia,7
Programa de Estágio,Mercedes Benz,https://inatel.br/estudante/vagas/programa-de-estagio-mercedes-benz,7
Estagiário de Melhoria Contínua,ACG,https://inatel.br/estudante/vagas/estagiario-de-melhoria-continua-acg,7
Estágio,Globo,https://inatel.br/estudante/vagas/estagio-globo,7
Programa de Estágio,Unilever,https://inatel.br/estudante/vagas/programa-de-estagio-unilever,7
Estagiário Superior Qualidade,Mahle,https://inatel.br/estudante/vagas/estagiario-superior-qualidade-mahle,8
Programa de Estágio,3M,https://inatel.br/estudante/vagas/programa-de-estagio-3m,8
Estágio em Qualidade Laboratório,Metagal,https://inatel.br/estudante/vagas/estagio-em-qualidade-laboratorio-metagal,8
Estágio em Qualidade Fornecedor,Metagal,https://inatel.br/estudante/vagas/estagio-em-qualidade-fornecedor-metagal,8
Estágio em Qualidade Atendimento a Cliente,Metagal,https://inatel.br/estudante/vagas/estagio-em-qualidade-atendimento-a-cliente-metagal,8
Pessoa Estagiária de Nível Superior 14h às 20h Segurança Eletrônica,Intelbras,https://inatel.br/estudante/vagas/pessoa-estagiaria-de-nivel-superior-14h-as-20h-seguranca-eletronica-intelbras,8
Pessoa Estagiária de Nível Superior Segurança Eletrônica,Intelbras,https://inatel.br/estudante/vagas/pessoa-estagiaria-de-nivel-superior-seguranca-eletronica-intelbras,8
Pessoa Estagiária Nível Superior,Intelbras,https://inatel.br/estudante/vagas/pessoa-estagiaria-nivel-superior-intelbras,8
Estágio em Qualidade,Ocellott,https://inatel.br/estudante/vagas/estagio-em-qualidade-ocellott,8
Human Resources Intern,Midea,https://inatel.br/estudante/vagas/human-resources-intern-midea,8
Estágio Multidisciplinar Melhoria Contínua,Ball,https://inatel.br/estudante/vagas/estagio-multidisciplinar-melhoria-continua-ball,8
Estágio em Telecomunicações Móveis Suporte Atoll,BWTECH,https://inatel.br/estudante/vagas/estagio-em-telecomunicacoes-moveis-suporte-atoll-bwtech,8
Programa de Estágio,Boeing,https://inatel.br/estudante/vagas/programa-de-estagio-boeing,9
Programa Trainee,Sulamérica e Rede D'Or,https://inatel.br/estudante/vagas/programa-trainee-sulamerica-e-rede-dor,9
Estagiário de Assistência Técnica,Clear CFTV,https://inatel.br/estudante/vagas/estagiario-de-assistencia-tecnica-clear-cftv,9
Programa de Estágio,CPFL,https://inatel.br/estudante/vagas/programa-de-estagio-cpfl,9
Estágio Segurança da Informação,A.C.Camargo Cancer,https://inatel.br/estudante/vagas/estagio-seguranca-da-informacao-accamargo-cancer,9
Estágio em Telecomunicações Santa Rita do Sapucaí,Huawei,https://inatel.br/estudante/vagas/estagio-em-telecomunicacoes-santa-rita-do-sapucai-huawei,9
Estágio em Performance Produtiva,Ferrero,https://inatel.br/estudante/vagas/estagio-em-performance-produtiva-ferrero,9
Estágio Desenhista Técnico,Eng Legho,https://inatel.br/estudante/vagas/estagio-desenhista-tecnico-eng-legho,9
Estagiário de Engenharia Eletrônica,Ocellott,https://inatel.br/estudante/vagas/estagiario-de-engenharia-eletronica-ocellott,9
Estágio Brasil,Microsoft,https://inatel.br/estudante/vagas/estagio-brasil-microsoft,9
Estágio em Engenharia de Manutenção,Licav,https://inatel.br/estudante/vagas/estagio-em-engenharia-de-manutencao-licav,9
Estágio Engenharia de Processos Métodos e Tempos,Dexco,https://inatel.br/estudante/vagas/estagio-engenharia-de-processos-metodos-e-tempos-dexco,9
Estágio em Engenharia de Desenvolvimento,Sense/TE,https://inatel.br/estudante/vagas/estagio-em-engenharia-de-desenvolvimento--sensete,10
Estágio em Desenvolvimento de Software Android,SiDi,https://inatel.br/estudante/vagas/estagio-em-desenvolvimento-de-software-android-sidi,10
Estagiária,Estagiário de Inteligência de Mercado/ Votorantim Cimentos,https://inatel.br/estudante/vagas/estagiaria-estagiario-de-inteligencia-de-mercado-votorantim-cimentos,10
Estagiário de Assistência Técnica,Clear CFTV,https://inatel.br/estudante/vagas/estagiario-de-assistencia-tecnica--clear-cftv,10
Estágio em Automação de Processo RPA,Companhia Siderúrgica Nacional CSN,https://inatel.br/estudante/vagas/estagio-em-automacao-de-processo-rpa-companhia-siderurgica-nacional-csn,10
Estágio em Técnico em Eletrônica,Leucotron,https://inatel.br/estudante/vagas/estagio-em-tecnico-em-eletronica--leucotron,10
Estágio em Cadastro de Fornecedores,Saint-Gobain,https://inatel.br/estudante/vagas/estagio-em-cadastro-de-fornecedores-saint-gobain,10
Estágio Remoto em Perícias de Engenharia,APR Perícias e Treinamentos Ltda,https://inatel.br/estudante/vagas/estagio-em-apr-pericias-e-treinamentos-ltda,10
Estagio em Desenvolvimento de Software,Gertec,https://inatel.br/estudante/vagas/estagio-em-desenvolvimento-de-software-gertec,10
Estágio em Gestão de Dados e BI,Rumo Logística,https://inatel.br/estudante/vagas/estagio-em-gestao-de-dados-e-bi-rumo-logistica,10
Estagiário(a) em Engenharia Mecânica,Gohuntrh,https://inatel.br/estudante/vagas/estagiarioa-em-engenharia-mecanica-gohuntrh,10
Programa de Estágio RPA,Smarthis,https://inatel.br/estudante/vagas/programa-de-estagio-rpa-smarthis,10
